Date,AAPL,MSFT,TSLA,AMZN,NVDA
2015-01-31,25.949119567871094,34.358741760253906,13.573332786560059,17.726499557495117,0.4606715440750122
2015-02-28,28.564176559448242,37.5582275390625,13.555999755859375,19.007999420166016,0.5313304662704468
2015-03-31,27.668071746826172,34.82594299316406,12.584667205810547,18.604999542236328,0.5041136741638184
2015-04-30,27.828170776367188,41.660953521728516,15.069999694824219,21.089000701904297,0.534702718257904
2015-05-31,29.089876174926758,40.39719772338867,16.719999313354492,21.46150016784668,0.5354835987091064
2015-06-30,28.00693130493164,38.06095886230469,17.884000778198242,21.704500198364258,0.48660528659820557
2015-07-31,27.08475112915039,40.2592658996582,17.74333381652832,26.8075008392334,0.48273372650146484
2015-08-31,25.29184913635254,37.76525115966797,16.604000091552734,25.644500732421875,0.5462413430213928
2015-09-30,24.74007797241211,38.40740203857422,16.559999465942383,25.594499588012695,0.5989701747894287
2015-10-31,26.803619384765625,45.67928695678711,13.795332908630371,31.295000076293945,0.6893623471260071
2015-11-30,26.648038864135742,47.48106384277344,15.350666999816895,33.2400016784668,0.7736908197402954
2015-12-31,23.710678100585938,48.46824645996094,16.000667572021484,33.794498443603516,0.8039360046386719
2016-01-31,21.926626205444336,48.12753677368164,12.74666690826416,29.350000381469727,0.7144200801849365
2016-02-29,21.89840316772461,44.76875686645508,12.795332908630371,27.625999450683594,0.767696738243103
2016-03-31,24.684106826782227,48.596275329589844,15.317999839782715,29.68199920654297,0.8722268342971802
2016-04-30,21.230283737182617,43.88005828857422,16.05066680908203,32.97949981689453,0.8697788119316101
2016-05-31,22.754039764404297,46.96030807495117,14.881999969482422,36.13949966430664,1.1466816663742065
2016-06-30,21.783361434936523,45.338829040527344,14.152000427246094,35.78099822998047,1.1537988185882568
2016-07-31,23.74522590637207,50.22092819213867,15.652667045593262,37.94049835205078,1.4014445543289185
2016-08-31,24.30684471130371,51.229373931884766,14.133999824523926,38.45800018310547,1.508284330368042
2016-09-30,25.899045944213867,51.35418701171875,13.60200023651123,41.865501403808594,1.68483304977417
2016-10-31,26.011301040649414,53.4226188659668,13.182000160217285,39.49100112915039,1.749747633934021
2016-11-30,25.449438095092773,54.088687896728516,12.626667022705078,37.528499603271484,2.2704918384552
2016-12-31,26.66986656188965,55.77616882324219,14.246000289916992,37.493499755859375,2.6285510063171387
2017-01-31,27.94326400756836,58.029109954833984,16.795333862304688,41.17399978637695,2.68863844871521
2017-02-28,31.68143653869629,57.7758903503418,16.666000366210938,42.25199890136719,2.502173900604248
2017-03-31,33.2239990234375,59.47357940673828,18.553333282470703,44.32699966430664,2.6858668327331543
2017-04-30,33.22168731689453,61.82145309448242,20.937999725341797,46.2495002746582,2.5717062950134277
2017-05-31,35.47437286376953,63.429141998291016,22.733999252319336,49.73099899291992,3.562960147857666
2017-06-30,33.44474411010742,62.602684020996094,24.107332229614258,48.400001525878906,3.568143844604492
2017-07-31,34.538509368896484,66.026611328125,21.564666748046875,49.388999938964844,4.011199474334717
2017-08-31,38.23411560058594,68.26839447021484,23.726667404174805,49.029998779296875,4.185931205749512
2017-09-30,35.93074035644531,68.0127182006836,22.739999771118164,48.067501068115234,4.416427135467529
2017-10-31,39.40910720825195,75.94709777832031,22.101999282836914,55.263999938964844,5.109140396118164
2017-11-30,40.208251953125,77.23696899414062,20.59000015258789,58.837501525878906,4.961887359619141
2017-12-31,39.59523010253906,78.49412536621094,20.75666618347168,58.4734992980957,4.78364372253418
2018-01-31,39.174095153808594,87.1841049194336,23.62066650390625,72.54450225830078,6.0765886306762695
2018-02-28,41.84516143798828,86.45044708251953,22.87066650390625,75.62249755859375,5.986364841461182
2018-03-31,39.41602325439453,84.14558410644531,17.742000579833984,72.36699676513672,5.728850841522217
2018-04-30,38.824012756347656,86.21996307373047,19.593332290649414,78.30650329589844,5.563361167907715
2018-05-31,44.070072174072266,91.51964569091797,18.98200035095215,81.48100280761719,6.242292404174805
2018-06-30,43.65499496459961,91.30667877197266,22.863332748413086,84.98999786376953,5.863829612731934
2018-07-31,44.87661361694336,98.22343444824219,19.875999450683594,88.87200164794922,6.060858249664307
2018-08-31,53.87088394165039,104.41080474853516,20.110666275024414,100.635498046875,6.951287269592285
2018-09-30,53.42359161376953,106.3069839477539,17.65133285522461,100.1500015258789,6.959705829620361
2018-10-31,51.79538345336914,99.27997589111328,22.488000869750977,79.90049743652344,5.221388816833496
2018-11-30,42.410179138183594,103.51761627197266,23.365333557128906,84.50849914550781,4.051536560058594
2018-12-31,37.460975646972656,94.81723022460938,22.18666648864746,75.09850311279297,3.309553384780884
2019-01-31,39.527099609375,97.48707580566406,20.468000411987305,85.9365005493164,3.5636565685272217
2019-02-28,41.29698944091797,105.02845764160156,21.325332641601562,81.99150085449219,3.828148365020752
2019-03-31,45.303871154785156,110.56909942626953,18.657333374023438,89.0374984741211,4.455997943878174
2019-04-30,47.860618591308594,122.4378662109375,15.912667274475098,96.32599639892578,4.491734504699707
2019-05-31,41.91571807861328,116.37957000732422,12.343999862670898,88.75350189208984,3.365440845489502
2019-06-30,47.38652420043945,126.05280303955078,14.897333145141602,94.68150329589844,4.08021879196167
2019-07-31,51.00659942626953,128.2263946533203,16.107332229614258,93.33899688720703,4.191769599914551
2019-08-31,50.166961669921875,130.1544952392578,15.040666580200195,88.81449890136719,4.165826320648193
2019-09-30,53.82721710205078,131.2591094970703,16.058000564575195,86.79550170898438,4.3289690017700195
2019-10-31,59.78505325317383,135.3565216064453,20.994667053222656,88.83300018310547,4.999192237854004
2019-11-30,64.4216537475586,143.4051971435547,21.996000289916992,90.04000091552734,5.394112586975098
2019-12-31,70.78544616699219,149.39224243164062,27.8886661529541,92.39199829101562,5.856022357940674
2020-01-31,74.60858917236328,161.26214599609375,43.371334075927734,100.43599700927734,5.8841447830200195
2020-02-29,66.05084228515625,153.8943634033203,44.53266525268555,94.1875,6.725380897521973
2020-03-31,61.44304656982422,149.809814453125,34.93333435058594,97.48600006103516,6.564262866973877
2020-04-30,70.98969268798828,170.23281860351562,52.12533187866211,123.69999694824219,7.278463840484619
2020-05-31,77.03050994873047,174.55517578125,55.66666793823242,122.11849975585938,8.840836524963379
2020-06-30,88.38375091552734,193.85385131835938,71.98733520507812,137.9409942626953,9.464975357055664
2020-07-31,102.97870635986328,195.28273010253906,95.38400268554688,158.23399353027344,10.578120231628418
2020-08-31,125.28070831298828,215.3484344482422,166.10667419433594,172.54800415039062,13.328343391418457
2020-09-30,112.4361572265625,200.8346405029297,143.00332641601562,157.43649291992188,13.48784065246582
2020-10-31,105.6886215209961,193.3293914794922,129.34666442871094,151.8074951171875,12.494483947753906
2020-11-30,115.78117370605469,204.94093322753906,189.1999969482422,158.40199279785156,13.359248161315918
2020-12-31,129.04666137695312,212.93478393554688,235.22332763671875,162.84649658203125,13.017685890197754
2021-01-31,128.336669921875,222.06797790527344,264.510009765625,160.30999755859375,12.952620506286621
2021-02-28,118.106689453125,222.98245239257812,225.1666717529297,154.64649963378906,13.675301551818848
2021-03-31,118.97356414794922,226.23533630371094,222.64332580566406,154.70399475097656,13.314693450927734
2021-04-30,128.04150390625,241.98175048828125,236.47999572753906,173.37100219726562,14.971765518188477
2021-05-31,121.57574462890625,240.1360321044922,208.4066619873047,161.15350341796875,16.203657150268555
2021-06-30,133.6250457763672,260.5448913574219,226.56666564941406,172.00799560546875,19.95677947998047
2021-07-31,142.30831909179688,274.01934814453125,229.06666564941406,166.37950134277344,19.454435348510742
2021-08-31,148.3548583984375,290.8965148925781,245.24000549316406,173.5395050048828,22.33777618408203
2021-09-30,138.26133728027344,271.6628112792969,258.49334716796875,164.2519989013672,20.672298431396484
2021-10-31,146.371337890625,319.55450439453125,371.3333435058594,168.6215057373047,25.5130672454834
2021-11-30,161.75230407714844,319.144775390625,381.586669921875,175.35350036621094,32.607059478759766
2021-12-31,173.7589569091797,324.6764221191406,352.260009765625,166.7169952392578,29.352548599243164
2022-01-31,171.02883911132812,300.2137451171875,312.239990234375,149.57350158691406,24.437334060668945
2022-02-28,161.78199768066406,289.0422058105469,290.1433410644531,153.56300354003906,24.336536407470703
2022-03-31,171.08013916015625,298.2515563964844,359.20001220703125,162.99749755859375,27.236412048339844
2022-04-30,154.4630126953125,268.4660949707031,290.2533264160156,124.28150177001953,18.513294219970703
2022-05-31,146.04539489746094,263.61297607421875,252.75332641601562,120.20950317382812,18.638065338134766
2022-06-30,134.15298461914062,249.02972412109375,224.47332763671875,106.20999908447266,15.134652137756348
2022-07-31,159.458740234375,272.21356201171875,297.1499938964844,134.9499969482422,18.133825302124023
2022-08-31,154.4823455810547,254.06700134277344,275.6099853515625,126.7699966430664,15.069753646850586
2022-09-30,135.7935333251953,226.30589294433594,265.25,113.0,12.123102188110352
2022-10-31,150.66989135742188,225.5576629638672,227.5399932861328,102.44000244140625,13.47932243347168
2022-11-30,145.69363403320312,248.6148681640625,194.6999969482422,96.54000091552734,16.905160903930664
2022-12-31,127.87928771972656,233.68666076660156,123.18000030517578,84.0,14.598596572875977
2023-01-31,142.01268005371094,241.47232055664062,173.22000122070312,103.12999725341797,19.516403198242188
2023-02-28,145.30494689941406,243.64991760253906,205.7100067138672,94.2300033569336,23.1915283203125
2023-03-31,162.54519653320312,281.6304626464844,207.4600067138672,103.29000091552734,27.752429962158203
2023-04-30,167.25692749023438,300.1518249511719,164.30999755859375,105.44999694824219,27.724454879760742
2023-05-31,174.96051025390625,321.49432373046875,203.92999267578125,120.58000183105469,37.800540924072266
2023-06-30,191.46450805664062,333.3891296386719,261.7699890136719,130.36000061035156,42.268951416015625
2023-07-31,193.91250610351562,328.8661804199219,267.42999267578125,133.67999267578125,46.69249725341797
2023-08-31,185.69371032714844,321.556884765625,258.0799865722656,138.00999450683594,49.31645584106445
2023-09-30,169.22674560546875,309.7742004394531,250.22000122070312,127.12000274658203,43.46860122680664
2023-10-31,168.7918243408203,331.7109680175781,200.83999633789062,133.08999633789062,40.751502990722656
2023-11-30,187.9969940185547,372.4933166503906,240.0800018310547,146.08999633789062,46.73732376098633
2023-12-31,190.55047607421875,369.67193603515625,248.47999572753906,151.94000244140625,49.49174499511719
2024-01-31,182.50405883789062,390.8471374511719,187.2899932861328,155.1999969482422,61.48942184448242
2024-02-29,179.11984252929688,407.38714599609375,201.8800048828125,176.75999450683594,79.06365966796875
2024-03-31,169.93345642089844,414.360107421875,175.7899932861328,180.3800048828125,90.3050308227539
2024-04-30,168.79385375976562,383.4446105957031,183.27999877929688,175.0,86.353271484375
2024-05-31,190.77456665039062,409.59210205078125,178.0800018310547,176.44000244140625,109.57117462158203
2024-06-30,209.00357055664062,440.9875793457031,197.8800048828125,193.25,123.48046875
2024-07-31,220.37559509277344,412.76910400390625,232.07000732421875,186.97999572753906,116.96359252929688
2024-08-31,227.50552368164062,412.3171081542969,214.11000061035156,178.5,119.3124771118164
2024-09-30,231.4794464111328,425.32489013671875,261.6300048828125,186.3300018310547,121.39185333251953
2024-10-31,224.43568420410156,401.6518249511719,249.85000610351562,186.39999389648438,132.70736694335938
2024-11-30,236.0406036376953,419.40185546875,345.1600036621094,207.88999938964844,138.19520568847656
2024-12-31,250.82980346679688,420.7586669921875,417.4100036621094,221.3000030517578,137.4449462890625
